CZ,city_name,State,CZ_label
1,Montgomery,AL,"Montgomery, AL CZ"
2,Mobile,AL,"Mobile, AL CZ"
3,Dothan,AL,"Dothan, AL CZ"
4,Tuscaloosa,AL,"Tuscaloosa, AL CZ"
5,Birmingham,AL,"Birmingham, AL CZ"
6,Carrollton,GA,"Carrollton, GA CZ"
7,Columbus,GA,"Columbus, GA CZ"
8,Gadsden,AL,"Gadsden, AL CZ"
9,Meridian,MS,"Meridian, MS CZ"
10,Huntsville,AL,"Huntsville, AL CZ"
11,Atmore,AL,Atmore-Andalusia CZ
12,Hamilton,AL,"Hamilton, AL CZ"
13,Sand Point,AK,Sand Point-Akutan CZ
14,Unalaska,AK,Unalaska-Dutch Harbor CZ
15,Anchorage,AK,"Anchorage, AK CZ"
16,Bethel,AK,"Bethel, AK CZ"
17,Valdez,AK,"Valdez, AK CZ"
18,Fairbanks,AK,"Fairbanks, AK CZ"
19,Dillingham,AK,"Dillingham, AK CZ"
20,Haines,AK,"Haines, AK CZ"
21,Juneau,AK,"Juneau, AK CZ"
22,Ketchikan,AK,"Ketchikan, AK CZ"
23,Kodiak,AK,"Kodiak, AK CZ"
24,Hooper Bay,AK,"Hooper Bay, AK CZ"
25,NA,NA,CZ #25
26,Nome,AK,"Nome, AK CZ"
27,Kotzebue,AK,"Kotzebue, AK CZ"
28,Sitka,AK,"Sitka, AK CZ"
29,Metlakatla,AK,"Metlakatla, AK CZ"
30,NA,NA,CZ #30
31,Wrangell,AK,"Wrangell, AK CZ"
32,Gallup,NM,"Gallup, NM CZ"
33,Tucson,AZ,"Tucson, AZ CZ"
34,Flagstaff,AZ,"Flagstaff, AZ CZ"
35,Phoenix,AZ,"Phoenix, AZ CZ"
36,Deming,NM,"Deming, NM CZ"
37,Los Angeles,CA,"Los Angeles, CA CZ"
38,Yuma,AZ,"Yuma, AZ CZ"
39,Forrest City,AR,"Forrest City, AR CZ"
40,Pine Bluff,AR,"Pine Bluff, AR CZ"
41,Mountain Home,AR,"Mountain Home, AR CZ"
42,Fayetteville,AR,Fayetteville-Springdale CZ
43,Harrison,AR,"Harrison, AR CZ"
44,El Dorado,AR,"El Dorado, AR CZ"
45,Hot Springs,AR,"Hot Springs, AR CZ"
46,Jonesboro,AR,"Jonesboro, AR CZ"
47,Heber Springs,AR,"Heber Springs, AR CZ"
48,Magnolia,AR,"Magnolia, AR CZ"
49,Little Rock,AR,"Little Rock, AR CZ"
50,Fort Smith,AR,"Fort Smith, AR CZ"
51,New South Memphis,TN,New South Memphis-Memphis CZ
52,Batesville,AR,"Batesville, AR CZ"
53,Searcy,AR,"Searcy, AR CZ"
54,Russellville,AR,"Russellville, AR CZ"
55,Texarkana,TX,"Texarkana, TX CZ"
56,Blytheville,AR,"Blytheville, AR CZ"
57,Idabel,OK,Idabel-De Queen CZ
58,San Francisco,CA,"San Francisco, CA CZ"
59,San Diego,CA,"San Diego, CA CZ"
60,Stockton,CA,"Stockton, CA CZ"
61,Chico,CA,"Chico, CA CZ"
62,Sacramento,CA,"Sacramento, CA CZ"
63,Crescent City,CA,Crescent City-Brookings CZ
64,Fresno,CA,"Fresno, CA CZ"
65,Eureka,CA,"Eureka, CA CZ"
66,Bakersfield,CA,"Bakersfield, CA CZ"
67,Ukiah,CA,Ukiah-Clearlake CZ
68,Susanville,CA,"Susanville, CA CZ"
69,Klamath Falls,OR,"Klamath Falls, OR CZ"
70,San Jose,CA,"San Jose, CA CZ"
71,Santa Maria,CA,"Santa Maria, CA CZ"
72,Denver,CO,"Denver, CO CZ"
73,Alamosa,CO,"Alamosa, CO CZ"
74,Farmington,NM,"Farmington, NM CZ"
75,Lamar,CO,"Lamar, CO CZ"
76,Salida,CO,"Salida, CO CZ"
77,Ulysses,KS,"Ulysses, KS CZ"
78,Colorado Springs,CO,"Colorado Springs, CO CZ"
79,Grand Junction,CO,"Grand Junction, CO CZ"
80,Edwards,CO,Edwards-Glenwood Springs CZ
81,Laramie,WY,"Laramie, WY CZ"
82,Gunnison,CO,"Gunnison, CO CZ"
83,Trinidad,CO,"Trinidad, CO CZ"
84,Fort Collins,CO,"Fort Collins, CO CZ"
85,Sterling,CO,"Sterling, CO CZ"
86,Steamboat Springs,CO,"Steamboat Springs, CO CZ"
87,Sidney,NE,"Sidney, NE CZ"
88,Bridgeport,CT,"Bridgeport, CT CZ"
89,Dover,DE,"Dover, DE CZ"
90,Philadelphia,PA,"Philadelphia, PA CZ"
91,Washington,DC,"Washington, DC CZ"
92,Gainesville,FL,"Gainesville, FL CZ"
93,Jacksonville,FL,"Jacksonville, FL CZ"
94,Panama City,FL,"Panama City, FL CZ"
95,Port Saint Lucie,FL,"Port Saint Lucie, FL CZ"
96,Miami,FL,"Miami, FL CZ"
97,North Port,FL,"North Port, FL CZ"
98,Orlando,FL,"Orlando, FL CZ"
99,Cape Coral,FL,"Cape Coral, FL CZ"
100,East Pensacola Heights,FL,East Pensacola Heights-Pensacola CZ
101,Deltona,FL,Deltona-Palm Coast CZ
102,Carrabelle,FL,"Carrabelle, FL CZ"
103,Tallahassee,FL,"Tallahassee, FL CZ"
104,Lakeland,FL,"Lakeland, FL CZ"
105,Tampa,FL,"Tampa, FL CZ"
106,Douglas,GA,"Douglas, GA CZ"
107,Albany,GA,"Albany, GA CZ"
108,Milledgeville,GA,"Milledgeville, GA CZ"
109,Peachtree Corners,GA,Peachtree Corners-Gainesville CZ
110,Rome,GA,Rome-Dalton CZ
111,Tifton,GA,"Tifton, GA CZ"
112,Valdosta,GA,"Valdosta, GA CZ"
113,Macon,GA,"Macon, GA CZ"
114,Brunswick,GA,"Brunswick, GA CZ"
115,Savannah,GA,"Savannah, GA CZ"
116,Augusta,GA,"Augusta, GA CZ"
117,Atlanta,GA,"Atlanta, GA CZ"
118,Chattanooga,TN,"Chattanooga, TN CZ"
119,Woodstock,GA,"Woodstock, GA CZ"
120,Athens,GA,"Athens, GA CZ"
121,Dublin,GA,"Dublin, GA CZ"
122,Americus,GA,"Americus, GA CZ"
123,Waynesville,NC,"Waynesville, NC CZ"
124,Andrews,NC,Andrews-Murphy CZ
125,NA,NA,CZ #125
126,NA,NA,CZ #126
127,NA,NA,CZ #127
128,NA,NA,CZ #128
129,Boise,ID,"Boise, ID CZ"
130,McCall,ID,"McCall, ID CZ"
131,Idaho Falls,ID,Idaho Falls-Pocatello CZ
132,Conda,ID,"Conda, ID CZ"
133,Coeur d'Alene,ID,"Coeur d'Alene, ID CZ"
134,Twin Falls,ID,"Twin Falls, ID CZ"
135,Spokane,WA,"Spokane, WA CZ"
136,Burley,ID,"Burley, ID CZ"
137,Pullman,WA,Pullman-Lewiston CZ
138,Salmon,ID,"Salmon, ID CZ"
139,Logan,UT,"Logan, UT CZ"
140,Jackson,WY,"Jackson, WY CZ"
141,Quincy,IL,"Quincy, IL CZ"
142,Carbondale,IL,"Carbondale, IL CZ"
143,Upper Alton,IL,Upper Alton-Granite City CZ
144,Rockford,IL,"Rockford, IL CZ"
145,Peoria,IL,Peoria-North Peoria CZ
146,Springfield,IL,"Springfield, IL CZ"
147,Champaign,IL,Champaign-Bloomington CZ
148,Decatur,IL,"Decatur, IL CZ"
149,Terre Haute,IN,"Terre Haute, IN CZ"
150,Olney,IL,"Olney, IL CZ"
151,Mount Vernon,IL,"Mount Vernon, IL CZ"
152,Chicago,IL,"Chicago, IL CZ"
153,Vincennes,IN,"Vincennes, IN CZ"
154,Harrisburg,IL,"Harrisburg, IL CZ"
155,Burlington,IA,"Burlington, IA CZ"
156,Davenport,IA,"Davenport, IA CZ"
157,Kankakee,IL,"Kankakee, IL CZ"
158,Dubuque,IA,"Dubuque, IA CZ"
159,Paducah,KY,"Paducah, KY CZ"
160,St. Louis,MO,"St. Louis, MO CZ"
161,Lafayette,IN,"Lafayette, IN CZ"
162,Evansville,IN,"Evansville, IN CZ"
163,Fort Wayne,IN,"Fort Wayne, IN CZ"
164,Columbus,IN,"Columbus, IN CZ"
165,Muncie,IN,"Muncie, IN CZ"
166,Indianapolis,IN,"Indianapolis, IN CZ"
167,Logansport,IN,"Logansport, IN CZ"
168,Louisville,KY,"Louisville, KY CZ"
169,North Madison,IN,North Madison-Madison CZ
170,Greensburg,IN,"Greensburg, IN CZ"
171,South Bend,IN,"South Bend, IN CZ"
172,Richmond,IN,"Richmond, IN CZ"
173,Bloomington,IN,"Bloomington, IN CZ"
174,Hammond,IN,Hammond-Gary CZ
175,Des Moines,IA,"Des Moines, IA CZ"
176,Creston,IA,"Creston, IA CZ"
177,Platteville,WI,"Platteville, WI CZ"
178,Ottumwa,IA,"Ottumwa, IA CZ"
179,Denison,IA,"Denison, IA CZ"
180,Cedar Rapids,IA,"Cedar Rapids, IA CZ"
181,Waterloo,IA,"Waterloo, IA CZ"
182,Ames,IA,"Ames, IA CZ"
183,Storm Lake,IA,"Storm Lake, IA CZ"
184,Fort Dodge,IA,"Fort Dodge, IA CZ"
185,Mason City,IA,"Mason City, IA CZ"
186,Decorah,IA,"Decorah, IA CZ"
187,Osceola,IA,"Osceola, IA CZ"
188,Spencer,IA,"Spencer, IA CZ"
189,Iowa Falls,IA,"Iowa Falls, IA CZ"
190,Omaha,NE,"Omaha, NE CZ"
191,Sioux Center,IA,"Sioux Center, IA CZ"
192,Sioux City,IA,"Sioux City, IA CZ"
193,Parsons,KS,Parsons-Chanute CZ
194,Kansas City,MO,"Kansas City, MO CZ"
195,Saint Joseph,MO,"Saint Joseph, MO CZ"
196,Pratt,KS,"Pratt, KS CZ"
197,Great Bend,KS,"Great Bend, KS CZ"
198,Joplin,MO,"Joplin, MO CZ"
199,Falls City,NE,"Falls City, NE CZ"
200,Wichita,KS,"Wichita, KS CZ"
201,Emporia,KS,"Emporia, KS CZ"
202,Bartlesville,OK,"Bartlesville, OK CZ"
203,Saint Francis,KS,"Saint Francis, KS CZ"
204,Dodge City,KS,"Dodge City, KS CZ"
205,Manhattan,KS,"Manhattan, KS CZ"
206,Concordia,KS,"Concordia, KS CZ"
207,Norton,KS,"Norton, KS CZ"
208,Topeka,KS,"Topeka, KS CZ"
209,Hays,KS,"Hays, KS CZ"
210,Salina,KS,"Salina, KS CZ"
211,Garden City,KS,"Garden City, KS CZ"
212,Colby,KS,"Colby, KS CZ"
213,Goodland,KS,"Goodland, KS CZ"
214,Hutchinson,KS,"Hutchinson, KS CZ"
215,Liberal,KS,"Liberal, KS CZ"
216,Beloit,KS,"Beloit, KS CZ"
217,Scott City,KS,"Scott City, KS CZ"
218,Hugoton,KS,"Hugoton, KS CZ"
219,Bardstown,KY,"Bardstown, KY CZ"
220,Bowling Green,KY,"Bowling Green, KY CZ"
221,Lexington-Fayette,KY,"Lexington-Fayette, KY CZ"
222,Glasgow,KY,"Glasgow, KY CZ"
223,Mount Sterling,KY,Mount Sterling-Morehead CZ
224,Middlesboro,KY,"Middlesboro, KY CZ"
225,Cincinnati,OH,"Cincinnati, OH CZ"
226,Ironville,KY,Ironville-Meads CZ
227,Danville,KY,"Danville, KY CZ"
228,Maysville,KY,"Maysville, KY CZ"
229,Hazard,KY,"Hazard, KY CZ"
230,Elizabethtown,KY,"Elizabethtown, KY CZ"
231,Henderson,KY,"Henderson, KY CZ"
232,Clarksville,TN,"Clarksville, TN CZ"
233,Richmond,KY,"Richmond, KY CZ"
234,Somerset,KY,"Somerset, KY CZ"
235,Owensboro,KY,"Owensboro, KY CZ"
236,Pikeville,KY,"Pikeville, KY CZ"
237,Cumberland,KY,"Cumberland, KY CZ"
238,Lafayette,LA,"Lafayette, LA CZ"
239,Beaumont,TX,"Beaumont, TX CZ"
240,New Orleans,LA,"New Orleans, LA CZ"
241,Houma,LA,"Houma, LA CZ"
242,Alexandria,LA,"Alexandria, LA CZ"
243,Monroe,LA,"Monroe, LA CZ"
244,Shreveport,LA,"Shreveport, LA CZ"
245,Vicksburg,MS,"Vicksburg, MS CZ"
246,Baton Rouge,LA,"Baton Rouge, LA CZ"
247,Tallulah,LA,"Tallulah, LA CZ"
248,Portland,ME,"Portland, ME CZ"
249,Presque Isle,ME,"Presque Isle, ME CZ"
250,Bangor,ME,"Bangor, ME CZ"
251,Cumberland,MD,"Cumberland, MD CZ"
252,Baltimore,MD,"Baltimore, MD CZ"
253,Germantown,MD,"Germantown, MD CZ"
254,Boston,MA,"Boston, MA CZ"
255,Pittsfield,MA,"Pittsfield, MA CZ"
256,Providence,RI,"Providence, RI CZ"
257,Edgartown,MA,"Edgartown, MA CZ"
258,Springfield,MA,"Springfield, MA CZ"
259,Nantucket,MA,"Nantucket, MA CZ"
260,Alpena,MI,"Alpena, MI CZ"
261,Marquette,MI,"Marquette, MI CZ"
262,Grand Rapids,MI,"Grand Rapids, MI CZ"
263,Traverse City,MI,"Traverse City, MI CZ"
264,Saginaw,MI,"Saginaw, MI CZ"
265,Houghton,MI,"Houghton, MI CZ"
266,Kalamazoo,MI,"Kalamazoo, MI CZ"
267,Bay Harbor,MI,Bay Harbor-Petoskey CZ
268,Sault Ste. Marie,MI,"Sault Ste. Marie, MI CZ"
269,Lansing,MI,"Lansing, MI CZ"
270,Gaylord,MI,Gaylord-Houghton Lake CZ
271,Marinette,WI,"Marinette, WI CZ"
272,Detroit,MI,"Detroit, MI CZ"
273,Ironwood,MI,"Ironwood, MI CZ"
274,Jackson,MI,"Jackson, MI CZ"
275,Big Rapids,MI,Big Rapids-Cadillac CZ
276,Ludington,MI,"Ludington, MI CZ"
277,Bemidji,MN,Bemidji-Brainerd CZ
278,Minneapolis,MN,"Minneapolis, MN CZ"
279,Fargo,ND,"Fargo, ND CZ"
280,Saint Cloud,MN,"Saint Cloud, MN CZ"
281,Milbank,SD,"Milbank, SD CZ"
282,Mankato,MN,"Mankato, MN CZ"
283,Duluth,MN,"Duluth, MN CZ"
284,Willmar,MN,"Willmar, MN CZ"
285,Grand Marais,MN,"Grand Marais, MN CZ"
286,Worthington,MN,"Worthington, MN CZ"
287,Rochester,MN,"Rochester, MN CZ"
288,Fergus Falls,MN,"Fergus Falls, MN CZ"
289,La Crosse,WI,La Crosse-North La Crosse CZ
290,Grafton,ND,"Grafton, ND CZ"
291,International Falls,MN,"International Falls, MN CZ"
292,Roseau,MN,"Roseau, MN CZ"
293,Saint Michael,MN,Saint Michael-Buffalo CZ
294,Grand Forks,ND,"Grand Forks, ND CZ"
295,Sioux Falls,SD,"Sioux Falls, SD CZ"
296,Eau Claire,WI,"Eau Claire, WI CZ"
297,Tupelo,MS,"Tupelo, MS CZ"
298,McComb,MS,McComb-Brookhaven CZ
299,Jackson,MS,"Jackson, MS CZ"
300,Greenville,MS,"Greenville, MS CZ"
301,Greenwood,MS,"Greenwood, MS CZ"
302,Starkville,MS,Starkville-Columbus CZ
303,Oxford,MS,"Oxford, MS CZ"
304,Hattiesburg,MS,"Hattiesburg, MS CZ"
305,Gulfport,MS,Gulfport-West Gulfport CZ
306,San Antonio,TX,"San Antonio, TX CZ"
307,Kirksville,MO,"Kirksville, MO CZ"
308,Nebraska City,NE,"Nebraska City, NE CZ"
309,Columbia,MO,"Columbia, MO CZ"
310,Springfield,MO,"Springfield, MO CZ"
311,Sedalia,MO,Sedalia-Warrensburg CZ
312,Cape Girardeau,MO,"Cape Girardeau, MO CZ"
313,Poplar Bluff,MO,"Poplar Bluff, MO CZ"
314,Eldon,MO,Eldon-Osage Beach CZ
315,Chillicothe,MO,"Chillicothe, MO CZ"
316,Nevada,MO,"Nevada, MO CZ"
317,Trenton,MO,"Trenton, MO CZ"
318,Rolla,MO,"Rolla, MO CZ"
319,West Plains,MO,"West Plains, MO CZ"
320,Maryville,MO,"Maryville, MO CZ"
321,Farmington,MO,"Farmington, MO CZ"
322,Moberly,MO,"Moberly, MO CZ"
323,Dillon,MT,"Dillon, MT CZ"
324,Sheridan,WY,"Sheridan, WY CZ"
325,Great Falls,MT,"Great Falls, MT CZ"
326,Bozeman,MT,"Bozeman, MT CZ"
327,Billings,MT,"Billings, MT CZ"
328,Baker,MT,"Baker, MT CZ"
329,Miles City,MT,"Miles City, MT CZ"
330,Plentywood,MT,"Plentywood, MT CZ"
331,Missoula,MT,"Missoula, MT CZ"
332,Lewistown,MT,"Lewistown, MT CZ"
333,Kalispell,MT,"Kalispell, MT CZ"
334,Jordan,MT,"Jordan, MT CZ"
335,Shelby,MT,Shelby-Cut Bank CZ
336,Chester,MT,"Chester, MT CZ"
337,Glasgow,MT,"Glasgow, MT CZ"
338,Livingston,MT,"Livingston, MT CZ"
339,Winnett,MT,"Winnett, MT CZ"
340,Malta,MT,"Malta, MT CZ"
341,Colstrip,MT,"Colstrip, MT CZ"
342,Williston,ND,"Williston, ND CZ"
343,Thompson Falls,MT,"Thompson Falls, MT CZ"
344,Dickinson,ND,"Dickinson, ND CZ"
345,Hastings,NE,"Hastings, NE CZ"
346,Norfolk,NE,"Norfolk, NE CZ"
347,North Platte,NE,"North Platte, NE CZ"
348,Cheyenne,WY,"Cheyenne, WY CZ"
349,Broken Bow,NE,"Broken Bow, NE CZ"
350,Columbus,NE,"Columbus, NE CZ"
351,Alliance,NE,"Alliance, NE CZ"
352,O'Neill,NE,"O'Neill, NE CZ"
353,Kearney,NE,"Kearney, NE CZ"
354,Yankton,SD,"Yankton, SD CZ"
355,McCook,NE,"McCook, NE CZ"
356,Valentine,NE,"Valentine, NE CZ"
357,Grand Island,NE,"Grand Island, NE CZ"
358,Lincoln,NE,"Lincoln, NE CZ"
359,Ord,NE,"Ord, NE CZ"
360,Hyannis,NE,"Hyannis, NE CZ"
361,Reno,NV,"Reno, NV CZ"
362,Las Vegas,NV,"Las Vegas, NV CZ"
363,Elko,NV,"Elko, NV CZ"
364,Saint George,UT,"Saint George, UT CZ"
365,Manchester,NH,"Manchester, NH CZ"
366,Keene,NH,"Keene, NH CZ"
367,Lebanon,NH,Lebanon-Claremont CZ
368,Trenton,NJ,Trenton-Camden CZ
369,Newark,NJ,Newark-Jersey City CZ
370,Toms River,NJ,"Toms River, NJ CZ"
371,Albuquerque,NM,"Albuquerque, NM CZ"
372,Roswell,NM,"Roswell, NM CZ"
373,Las Vegas,NM,"Las Vegas, NM CZ"
374,Clovis,NM,"Clovis, NM CZ"
375,El Paso,TX,"El Paso, TX CZ"
376,Midland,TX,"Midland, TX CZ"
377,Alamogordo,NM,"Alamogordo, NM CZ"
378,Taos,NM,"Taos, NM CZ"
379,Dumas,TX,"Dumas, TX CZ"
380,Albany,NY,Albany-West Albany CZ
381,Buffalo,NY,"Buffalo, NY CZ"
382,New York City,NY,"New York City, NY CZ"
383,Binghamton,NY,"Binghamton, NY CZ"
384,Syracuse,NY,"Syracuse, NY CZ"
385,Erie,PA,"Erie, PA CZ"
386,Ithaca,NY,Ithaca-Elmira CZ
387,Plattsburgh,NY,"Plattsburgh, NY CZ"
388,Yonkers,NY,"Yonkers, NY CZ"
389,Watertown,NY,"Watertown, NY CZ"
390,Rochester,NY,"Rochester, NY CZ"
391,Burlington,NC,"Burlington, NC CZ"
392,Hickory,NC,"Hickory, NC CZ"
393,Wytheville,VA,"Wytheville, VA CZ"
394,Charlotte,NC,"Charlotte, NC CZ"
395,Boone,NC,"Boone, NC CZ"
396,Washington,NC,"Washington, NC CZ"
397,Roanoke Rapids,NC,"Roanoke Rapids, NC CZ"
398,Fayetteville,NC,"Fayetteville, NC CZ"
399,Wilmington,NC,"Wilmington, NC CZ"
400,Asheville,NC,"Asheville, NC CZ"
401,Virginia Beach,VA,"Virginia Beach, VA CZ"
402,Jacksonville,NC,"Jacksonville, NC CZ"
403,Raleigh,NC,"Raleigh, NC CZ"
404,Greensboro,NC,"Greensboro, NC CZ"
405,Greenville,NC,"Greenville, NC CZ"
406,Rocky Mount,NC,"Rocky Mount, NC CZ"
407,Spartanburg,SC,"Spartanburg, SC CZ"
408,Bowman,ND,"Bowman, ND CZ"
409,Valley City,ND,"Valley City, ND CZ"
410,Devils Lake,ND,"Devils Lake, ND CZ"
411,Minot,ND,"Minot, ND CZ"
412,Bismarck,ND,"Bismarck, ND CZ"
413,Lisbon,ND,"Lisbon, ND CZ"
414,Carrington,ND,"Carrington, ND CZ"
415,Jamestown,ND,"Jamestown, ND CZ"
416,Rugby,ND,"Rugby, ND CZ"
417,Mobridge,SD,"Mobridge, SD CZ"
418,Lima,OH,"Lima, OH CZ"
419,Mansfield,OH,"Mansfield, OH CZ"
420,Cleveland,OH,"Cleveland, OH CZ"
421,Athens,OH,"Athens, OH CZ"
422,Wheeling,WV,"Wheeling, WV CZ"
423,Canton,OH,"Canton, OH CZ"
424,Dayton,OH,"Dayton, OH CZ"
425,Washington Court House,OH,"Washington Court House, OH CZ"
426,Youngstown,OH,"Youngstown, OH CZ"
427,Toledo,OH,"Toledo, OH CZ"
428,Columbus,OH,"Columbus, OH CZ"
429,Sandusky,OH,"Sandusky, OH CZ"
430,Parkersburg,WV,"Parkersburg, WV CZ"
431,Findlay,OH,"Findlay, OH CZ"
432,Chillicothe,OH,Chillicothe-Portsmouth CZ
433,Muskogee,OK,"Muskogee, OK CZ"
434,Enid,OK,"Enid, OK CZ"
435,Ardmore,OK,"Ardmore, OK CZ"
436,Elk City,OK,Elk City-Weatherford CZ
437,Oklahoma City,OK,"Oklahoma City, OK CZ"
438,Wichita Falls,TX,Wichita Falls-Lawton CZ
439,Miami,OK,"Miami, OK CZ"
440,Tulsa,OK,"Tulsa, OK CZ"
441,Woodward,OK,"Woodward, OK CZ"
442,Altus,OK,"Altus, OK CZ"
443,McAlester,OK,"McAlester, OK CZ"
444,Stillwater,OK,"Stillwater, OK CZ"
445,Dallas,TX,"Dallas, TX CZ"
446,Guymon,OK,"Guymon, OK CZ"
447,La Grande,OR,"La Grande, OR CZ"
448,Eugene,OR,"Eugene, OR CZ"
449,Portland,OR,"Portland, OR CZ"
450,Aberdeen,WA,"Aberdeen, WA CZ"
451,Roseburg,OR,"Roseburg, OR CZ"
452,Bend,OR,"Bend, OR CZ"
453,Condon,OR,"Condon, OR CZ"
454,John Day,OR,"John Day, OR CZ"
455,Burns,OR,"Burns, OR CZ"
456,The Dalles,OR,"The Dalles, OR CZ"
457,Medford,OR,"Medford, OR CZ"
458,Lakeview,OR,"Lakeview, OR CZ"
459,Newport,OR,"Newport, OR CZ"
460,Tri-Cities,WA,"Tri-Cities, WA CZ"
461,Enterprise,OR,"Enterprise, OR CZ"
462,Lancaster,PA,"Lancaster, PA CZ"
463,Pittsburgh,PA,"Pittsburgh, PA CZ"
464,Altoona,PA,"Altoona, PA CZ"
465,Allentown,PA,"Allentown, PA CZ"
466,Williamsport,PA,"Williamsport, PA CZ"
467,Saint Marys,PA,"Saint Marys, PA CZ"
468,State College,PA,"State College, PA CZ"
469,Scranton,PA,"Scranton, PA CZ"
470,Greenville,SC,"Greenville, SC CZ"
471,Hilton Head Island,SC,Hilton Head Island-Hilton Head CZ
472,Columbia,SC,"Columbia, SC CZ"
473,Charleston,SC,"Charleston, SC CZ"
474,Florence,SC,"Florence, SC CZ"
475,Mitchell,SD,"Mitchell, SD CZ"
476,Brookings,SD,Brookings-Watertown CZ
477,Aberdeen,SD,"Aberdeen, SD CZ"
478,Chamberlain,SD,"Chamberlain, SD CZ"
479,Rapid City,SD,"Rapid City, SD CZ"
480,Wagner,SD,Wagner-Parkston CZ
481,North Eagle Butte,SD,"North Eagle Butte, SD CZ"
482,Winner,SD,"Winner, SD CZ"
483,Philip,SD,Philip-Kadoka CZ
484,Buffalo,SD,"Buffalo, SD CZ"
485,Pierre,SD,"Pierre, SD CZ"
486,Knoxville,TN,"Knoxville, TN CZ"
487,Murfreesboro,TN,"Murfreesboro, TN CZ"
488,Paris,TN,"Paris, TN CZ"
489,Johnson City,TN,"Johnson City, TN CZ"
490,Nashville,TN,"Nashville, TN CZ"
491,Jackson,TN,"Jackson, TN CZ"
492,Cookeville,TN,"Cookeville, TN CZ"
493,Morristown,TN,"Morristown, TN CZ"
494,Crossville,TN,"Crossville, TN CZ"
495,Dyersburg,TN,"Dyersburg, TN CZ"
496,Columbia,TN,Columbia-Spring Hill CZ
497,Tyler,TX,"Tyler, TX CZ"
498,Lufkin,TX,"Lufkin, TX CZ"
499,Corpus Christi,TX,"Corpus Christi, TX CZ"
500,Amarillo,TX,"Amarillo, TX CZ"
501,Houston,TX,"Houston, TX CZ"
502,Austin,TX,"Austin, TX CZ"
503,Snyder,TX,"Snyder, TX CZ"
504,Killeen,TX,Killeen-Waco CZ
505,Lubbock,TX,"Lubbock, TX CZ"
506,College Station,TX,"College Station, TX CZ"
507,Alpine,TX,"Alpine, TX CZ"
508,Plainview,TX,"Plainview, TX CZ"
509,Alice,TX,"Alice, TX CZ"
510,Stephenville,TX,Stephenville-Brownwood CZ
511,Victoria,TX,"Victoria, TX CZ"
512,Abilene,TX,"Abilene, TX CZ"
513,Childress,TX,"Childress, TX CZ"
514,San Angelo,TX,"San Angelo, TX CZ"
515,Gonzales,TX,"Gonzales, TX CZ"
516,Greenville,TX,Greenville-Paris CZ
517,Del Rio,TX,"Del Rio, TX CZ"
518,Graham,TX,"Graham, TX CZ"
519,Uvalde,TX,"Uvalde, TX CZ"
520,Sweetwater,TX,"Sweetwater, TX CZ"
521,Vernon,TX,"Vernon, TX CZ"
522,Mexia,TX,"Mexia, TX CZ"
523,Seminole,TX,"Seminole, TX CZ"
524,Kerrville,TX,"Kerrville, TX CZ"
525,Pampa,TX,"Pampa, TX CZ"
526,Longview,TX,"Longview, TX CZ"
527,Fort Worth,TX,"Fort Worth, TX CZ"
528,Brady,TX,"Brady, TX CZ"
529,Matador,TX,"Matador, TX CZ"
530,Nacogdoches,TX,"Nacogdoches, TX CZ"
531,Fort Stockton,TX,"Fort Stockton, TX CZ"
532,Sanderson,TX,"Sanderson, TX CZ"
533,Zapata,TX,"Zapata, TX CZ"
534,Price,UT,"Price, UT CZ"
535,Vernal,UT,"Vernal, UT CZ"
536,Salt Lake City,UT,"Salt Lake City, UT CZ"
537,Richfield,UT,"Richfield, UT CZ"
538,Moab,UT,"Moab, UT CZ"
539,Delta,UT,"Delta, UT CZ"
540,Burlington,VT,"Burlington, VT CZ"
541,Chincoteague,VA,"Chincoteague, VA CZ"
542,Charlottesville,VA,"Charlottesville, VA CZ"
543,Covington,VA,"Covington, VA CZ"
544,Richmond,VA,"Richmond, VA CZ"
545,Lynchburg,VA,"Lynchburg, VA CZ"
546,Harrisonburg,VA,"Harrisonburg, VA CZ"
547,Roanoke,VA,"Roanoke, VA CZ"
548,Bluefield,WV,"Bluefield, WV CZ"
549,Farmville,VA,Farmville-South Boston CZ
550,Fredericksburg,VA,"Fredericksburg, VA CZ"
551,Leesburg,VA,"Leesburg, VA CZ"
552,Culpeper,VA,"Culpeper, VA CZ"
553,Big Stone Gap,VA,"Big Stone Gap, VA CZ"
554,Tappahannock,VA,"Tappahannock, VA CZ"
555,Newport News,VA,"Newport News, VA CZ"
556,Martinsville,VA,"Martinsville, VA CZ"
557,Lexington,VA,Lexington-Buena Vista CZ
558,Moses Lake,WA,"Moses Lake, WA CZ"
559,Wenatchee,WA,"Wenatchee, WA CZ"
560,Port Angeles,WA,"Port Angeles, WA CZ"
561,Seattle,WA,"Seattle, WA CZ"
562,Yakima,WA,"Yakima, WA CZ"
563,Friday Harbor,WA,"Friday Harbor, WA CZ"
564,Elkins,WV,"Elkins, WV CZ"
565,Charleston,WV,"Charleston, WV CZ"
566,Morgantown,WV,"Morgantown, WV CZ"
567,Beckley,WV,"Beckley, WV CZ"
568,Summersville,WV,"Summersville, WV CZ"
569,Wausau,WI,"Wausau, WI CZ"
570,Ashland,WI,"Ashland, WI CZ"
571,Rice Lake,WI,"Rice Lake, WI CZ"
572,Green Bay,WI,"Green Bay, WI CZ"
573,Appleton,WI,"Appleton, WI CZ"
574,Madison,WI,"Madison, WI CZ"
575,Rhinelander,WI,"Rhinelander, WI CZ"
576,Milwaukee,WI,"Milwaukee, WI CZ"
577,Sheboygan,WI,"Sheboygan, WI CZ"
578,Cody,WY,"Cody, WY CZ"
579,Gillette,WY,"Gillette, WY CZ"
580,Rock Springs,WY,"Rock Springs, WY CZ"
581,Casper,WY,"Casper, WY CZ"
582,Riverton,WY,"Riverton, WY CZ"
583,Torrington,WY,"Torrington, WY CZ"
584,NA,NA,CZ #584
585,NA,NA,CZ #585
586,NA,NA,CZ #586
587,NA,NA,CZ #587
588,NA,NA,CZ #588
589,NA,NA,CZ #589
590,NA,NA,CZ #590
591,NA,NA,CZ #591
592,NA,NA,CZ #592
593,NA,NA,CZ #593
